evalMode,method,seq_pos,pid,order,a,r,f,y,z,u,T1,class,weight,base_est,slack,deadline,aisle_switch,cum_time_end
aisle,DHGA,1,258,77,2,2,A,3,3,1,0.675920,urgent,5,2.093505,1.917100,4.013458,1,2.000920
aisle,DHGA,2,132,38,4,3,B,3,3,1,0.694480,urgent,5,2.093505,1.692861,3.544012,1,4.020400
aisle,DHGA,3,133,39,16,16,A,1,2,1,0.780760,urgent,5,2.093505,1.941113,4.063730,1,6.126160
aisle,DHGA,4,268,80,15,14,B,1,1,2,0.641640,urgent,5,2.093505,1.811986,3.793401,1,8.092800
aisle,DHGA,5,187,56,15,14,B,3,1,1,0.673440,medium,2,4.123914,3.448026,14.219365,0,8.766240
aisle,DHGA,6,162,48,11,11,A,2,3,2,0.832360,medium,2,2.093505,3.758540,7.868522,1,10.923600
aisle,DHGA,7,53,16,11,10,B,2,4,2,0.926400,loose,1,2.093505,8.105732,16.969389,0,11.850000
aisle,DHGA,8,167,51,11,10,B,3,2,2,0.722400,medium,2,8.007323,3.625159,29.027818,0,12.572400
aisle,DHGA,9,86,25,11,10,B,1,3,1,0.782000,medium,2,6.094233,3.606049,21.976104,0,13.354400
aisle,DHGA,10,44,13,11,11,A,1,4,2,0.923760,medium,2,2.093505,4.349890,9.106517,0,14.278160
aisle,DHGA,11,3,2,21,20,B,1,4,2,1.090800,loose,1,8.007323,7.456941,59.710135,1,16.693960
aisle,DHGA,12,26,7,21,20,B,3,2,1,0.897400,loose,1,9.865909,9.068577,89.469750,0,17.591360
aisle,DHGA,13,27,8,21,20,B,2,1,2,0.774200,medium,2,8.007323,4.490935,35.960367,0,18.365560
aisle,DHGA,14,28,8,21,20,B,2,3,2,0.999400,medium,2,8.007323,4.490935,35.960367,0,19.364960
aisle,DHGA,15,30,8,21,20,B,2,4,2,1.112000,medium,2,8.007323,4.490935,35.960367,0,20.476960
aisle,DHGA,16,88,26,21,20,B,3,3,1,1.010000,medium,2,6.094233,3.810253,23.220573,0,21.486960
aisle,DHGA,17,145,43,21,20,B,1,2,2,0.865600,loose,1,2.093505,7.075892,14.813415,0,22.352560
aisle,DHGA,18,247,72,21,20,B,1,1,1,0.742400,loose,1,6.094233,7.303651,44.510153,0,23.094960
aisle,DHGA,19,180,55,21,20,B,2,3,1,0.988800,urgent,5,11.672586,1.603029,18.711499,0,24.083760
aisle,DHGA,20,181,55,21,20,B,2,2,1,0.876200,urgent,5,11.672586,1.603029,18.711499,0,24.959960
aisle,DHGA,21,22,7,21,20,B,1,3,1,0.967600,loose,1,9.865909,9.068577,89.469750,0,25.927560
aisle,DHGA,22,182,55,21,20,B,1,3,2,0.978200,urgent,5,11.672586,1.603029,18.711499,0,26.905760
aisle,DHGA,23,2,2,21,20,B,3,3,2,1.020600,loose,1,8.007323,7.456941,59.710135,0,27.926360
aisle,DHGA,24,185,55,21,20,B,3,4,2,1.133200,urgent,5,11.672586,1.603029,18.711499,0,29.059560
aisle,DHGA,25,212,63,21,20,B,1,1,2,0.753000,loose,1,9.865909,8.220331,81.101036,0,29.812560
aisle,DHGA,26,217,64,21,20,B,1,2,1,0.855000,loose,1,9.865909,6.883908,67.916012,0,30.667560
aisle,DHGA,27,234,69,21,20,B,2,2,2,0.886800,loose,1,11.672586,8.112450,94.693272,0,31.554360
aisle,DHGA,28,4,2,1,1,A,2,4,2,0.759360,loose,1,8.007323,7.456941,59.710135,1,33.638720
aisle,DHGA,29,63,19,1,1,A,1,1,2,0.400360,loose,1,9.865909,8.319110,82.075582,0,34.039080
aisle,DHGA,30,64,19,1,1,A,1,4,1,0.727560,loose,1,9.865909,8.319110,82.075582,0,34.766640
aisle,DHGA,31,155,46,1,1,A,3,1,1,0.432160,loose,1,11.672586,8.798572,102.702084,0,35.198800
aisle,DHGA,32,160,46,1,1,A,2,2,2,0.534160,loose,1,11.672586,8.798572,102.702084,0,35.732960
aisle,DHGA,33,175,52,1,1,A,2,2,1,0.523560,medium,2,13.429826,3.940697,52.922879,0,36.256520
aisle,DHGA,34,225,67,1,1,A,1,2,2,0.512960,loose,1,9.865909,7.905959,77.999470,0,36.769480
aisle,DHGA,35,226,67,1,1,A,3,2,1,0.544760,loose,1,9.865909,7.905959,77.999470,0,37.314240
aisle,DHGA,36,229,68,1,1,A,3,1,2,0.442760,loose,1,6.094233,7.976910,48.613150,0,37.757000
aisle,DHGA,37,231,68,1,1,A,2,4,1,0.748760,loose,1,6.094233,7.976910,48.613150,0,38.505760
aisle,DHGA,38,235,69,1,1,A,3,2,2,0.555360,loose,1,11.672586,8.112450,94.693272,0,39.061120
aisle,DHGA,39,267,79,1,1,A,1,1,1,0.389760,loose,1,8.007323,9.361166,74.957879,0,39.450880
aisle,DHGA,40,273,83,1,1,A,2,1,1,0.410960,loose,1,6.094233,9.431478,57.477629,0,39.861840
aisle,DHGA,41,87,26,1,1,A,3,4,1,0.769960,medium,2,6.094233,3.810253,23.220573,0,40.631800
aisle,DHGA,42,186,56,13,13,A,1,3,1,0.837680,medium,2,4.123914,3.448026,14.219365,1,42.794480
aisle,DHGA,43,41,12,13,12,B,1,4,2,0.942320,loose,1,8.007323,9.185682,73.552724,0,43.736800
aisle,DHGA,44,5,2,13,13,A,2,4,2,0.982080,loose,1,8.007323,7.456941,59.710135,0,44.718880
aisle,DHGA,45,79,23,13,13,A,3,4,2,1.003280,loose,1,6.094233,9.397097,57.268101,0,45.722160
aisle,DHGA,46,148,44,13,12,B,2,2,1,0.727720,loose,1,9.865909,8.870398,87.514542,0,46.449880
aisle,DHGA,47,204,61,13,13,A,1,4,1,0.950280,loose,1,6.094233,8.976882,54.707216,0,47.400160
aisle,DHGA,48,260,78,13,12,B,1,3,2,0.829720,loose,1,9.865909,8.759641,86.421820,0,48.229880
aisle,DHGA,49,270,82,13,13,A,1,2,1,0.725080,loose,1,6.094233,7.887403,48.067677,0,48.954960
aisle,DHGA,50,287,86,13,13,A,2,3,1,0.858880,loose,1,9.865909,7.718536,76.150376,0,49.813840
aisle,DHGA,51,130,37,13,12,B,3,4,2,0.984720,medium,2,13.429826,3.338419,44.834391,0,50.798560
aisle,DHGA,52,152,45,13,12,B,3,1,1,0.636320,medium,2,8.007323,3.873341,31.015096,0,51.434880
aisle,DHGA,53,168,51,13,12,B,3,1,2,0.646920,medium,2,8.007323,3.625159,29.027818,0,52.081800
aisle,DHGA,54,32,9,13,13,A,1,3,2,0.848280,medium,2,6.094233,4.677235,28.504161,0,52.930080
aisle,DHGA,55,12,5,13,13,A,3,1,1,0.654880,loose,1,8.007323,9.250194,74.069295,0,53.584960
aisle,DHGA,56,73,21,12,12,A,1,1,1,0.593920,loose,1,8.007323,7.194422,57.608059,1,55.503880
aisle,DHGA,57,54,17,12,12,A,3,3,2,0.872120,loose,1,6.094233,8.550253,52.107238,0,56.376000
aisle,DHGA,58,95,29,12,11,B,3,1,2,0.628360,loose,1,2.093505,6.735994,14.101837,0,57.004360
aisle,DHGA,59,151,45,12,12,A,1,3,2,0.829720,medium,2,8.007323,3.873341,31.015096,0,57.834080
aisle,DHGA,60,13,5,12,11,B,2,4,2,0.944960,loose,1,8.007323,9.250194,74.069295,0,58.779040
aisle,DHGA,61,85,25,12,11,B,2,3,1,0.821760,medium,2,6.094233,3.606049,21.976104,0,59.600800
aisle,DHGA,62,14,5,14,14,A,2,3,1,0.877440,loose,1,8.007323,9.250194,74.069295,1,61.803240
aisle,DHGA,63,272,82,14,14,A,3,4,2,1.021840,loose,1,6.094233,7.887403,48.067677,0,62.825080
aisle,DHGA,64,280,85,14,14,A,3,3,2,0.909240,loose,1,6.094233,7.758209,47.280336,0,63.734320
aisle,DHGA,65,255,75,14,13,B,3,3,1,0.880080,loose,1,4.123914,9.032957,37.251141,0,64.614400
aisle,DHGA,66,129,37,14,14,A,2,2,2,0.775440,medium,2,13.429826,3.338419,44.834391,0,65.389840
aisle,DHGA,67,257,76,14,13,B,2,1,1,0.633680,urgent,5,4.123914,1.614156,6.656641,0,66.023520
aisle,DHGA,68,76,22,14,14,A,3,3,1,0.898640,medium,2,9.865909,4.310064,42.522703,0,66.922160
aisle,DHGA,69,193,58,14,13,B,2,3,1,0.858880,loose,1,13.429826,9.166272,123.101435,0,67.781040
aisle,DHGA,70,194,58,14,14,A,2,1,2,0.662840,loose,1,13.429826,9.166272,123.101435,0,68.443880
aisle,DHGA,71,196,58,14,13,B,3,1,1,0.654880,loose,1,13.429826,9.166272,123.101435,0,69.098760
aisle,DHGA,72,197,58,14,14,A,1,4,1,0.968840,loose,1,13.429826,9.166272,123.101435,0,70.067600
aisle,DHGA,73,251,74,14,13,B,1,4,1,0.950280,loose,1,9.865909,6.957722,68.644246,0,71.017880
aisle,DHGA,74,263,78,14,13,B,2,2,1,0.746280,loose,1,9.865909,8.759641,86.421820,0,71.764160
aisle,DHGA,75,283,86,14,14,A,2,4,1,0.990040,loose,1,9.865909,7.718536,76.150376,0,72.754200
aisle,DHGA,76,278,84,14,13,B,2,2,2,0.756880,medium,2,8.007323,4.454265,35.666735,0,73.511080
aisle,DHGA,77,23,7,19,19,A,2,3,2,0.980840,loose,1,9.865909,9.068577,89.469750,1,75.816920
aisle,DHGA,78,24,7,19,19,A,3,2,1,0.878840,loose,1,9.865909,9.068577,89.469750,0,76.695760
aisle,DHGA,79,245,72,19,19,A,2,4,1,1.082840,loose,1,6.094233,7.303651,44.510153,0,77.778600
aisle,DHGA,80,207,62,19,18,B,1,2,1,0.817880,loose,1,6.094233,6.440355,39.249027,0,78.596480
aisle,DHGA,81,25,7,20,20,A,3,2,1,0.897400,loose,1,9.865909,9.068577,89.469750,1,80.818880
aisle,DHGA,82,199,60,20,19,B,1,4,1,1.061640,loose,1,9.865909,8.641997,85.261149,0,81.880520
aisle,DHGA,83,261,78,20,20,A,1,1,1,0.742400,loose,1,9.865909,8.759641,86.421820,0,82.622920
aisle,DHGA,84,218,64,20,20,A,2,4,2,1.112000,loose,1,9.865909,6.883908,67.916012,0,83.734920
aisle,DHGA,85,81,23,20,19,B,3,2,2,0.889440,loose,1,6.094233,9.397097,57.268101,0,84.624360
aisle,DHGA,86,56,17,20,20,A,1,3,1,0.967600,loose,1,6.094233,8.550253,52.107238,0,85.591960
aisle,DHGA,87,246,72,20,19,B,1,3,2,0.959640,loose,1,6.094233,7.303651,44.510153,0,86.551600
aisle,DHGA,88,82,24,20,19,B,1,1,1,0.723840,loose,1,4.123914,6.605599,27.240923,0,87.275440
aisle,DHGA,89,223,66,20,19,B,2,3,1,0.970240,medium,2,6.094233,4.017275,24.482212,0,88.245680
aisle,DHGA,90,156,46,17,16,B,1,3,1,0.893360,loose,1,11.672586,8.798572,102.702084,1,90.464040
aisle,DHGA,91,157,46,17,16,B,2,3,2,0.925160,loose,1,11.672586,8.798572,102.702084,0,91.389200
aisle,DHGA,92,159,46,17,16,B,3,2,1,0.823160,loose,1,11.672586,8.798572,102.702084,0,92.212360
aisle,DHGA,93,237,69,17,17,A,2,2,2,0.831120,loose,1,11.672586,8.112450,94.693272,0,93.043480
aisle,DHGA,94,252,74,17,16,B,3,1,2,0.721160,loose,1,9.865909,6.957722,68.644246,0,93.764640
aisle,DHGA,95,281,85,17,17,A,1,1,2,0.697320,loose,1,6.094233,7.758209,47.280336,0,94.461960
aisle,DHGA,96,209,62,17,16,B,1,4,2,1.016560,loose,1,6.094233,6.440355,39.249027,0,95.478520
aisle,DHGA,97,238,70,16,16,A,1,1,2,0.678760,medium,2,2.093505,4.298062,8.998013,1,97.482280
aisle,DHGA,98,158,46,16,15,B,3,3,2,0.927800,loose,1,11.672586,8.798572,102.702084,0,98.410080
aisle,DHGA,99,262,78,16,15,B,1,2,1,0.762200,loose,1,9.865909,8.759641,86.421820,0,99.172280
aisle,DHGA,100,178,53,16,16,A,3,1,2,0.721160,medium,2,2.093505,4.465558,9.348667,0,99.893440
aisle,DHGA,101,265,79,16,15,B,2,1,1,0.670800,loose,1,8.007323,9.361166,74.957879,0,100.564240
aisle,DHGA,102,201,60,16,15,B,2,4,1,1.008600,loose,1,9.865909,8.641997,85.261149,0,101.572840
aisle,DHGA,103,192,58,16,15,B,1,4,1,0.987400,loose,1,13.429826,9.166272,123.101435,0,102.560240
aisle,DHGA,104,250,74,16,15,B,3,3,1,0.917200,loose,1,9.865909,6.957722,68.644246,0,103.477440
aisle,DHGA,105,249,74,16,16,A,1,4,2,1.016560,loose,1,9.865909,6.957722,68.644246,0,104.494000
aisle,DHGA,106,215,64,16,15,B,2,3,1,0.896000,loose,1,9.865909,6.883908,67.916012,0,105.390000
aisle,DHGA,107,222,66,16,15,B,1,1,2,0.660200,medium,2,6.094233,4.017275,24.482212,0,106.050200
aisle,DHGA,108,29,8,18,18,A,2,1,2,0.737080,medium,2,8.007323,4.490935,35.960367,1,108.112280
aisle,DHGA,109,195,58,18,17,B,3,4,2,1.077520,loose,1,13.429826,9.166272,123.101435,0,109.189800
aisle,DHGA,110,146,44,18,18,A,3,2,1,0.860280,loose,1,9.865909,8.870398,87.514542,0,110.050080
aisle,DHGA,111,282,85,18,17,B,3,2,2,0.852320,loose,1,6.094233,7.758209,47.280336,0,110.902400
aisle,DHGA,112,203,60,18,17,B,2,2,1,0.820520,loose,1,9.865909,8.641997,85.261149,0,111.722920
aisle,DHGA,113,253,74,18,17,B,3,2,1,0.841720,loose,1,9.865909,6.957722,68.644246,0,112.564640
aisle,DHGA,114,124,36,18,18,A,2,2,1,0.839080,loose,1,6.094233,9.439507,57.526557,0,113.403720
aisle,DHGA,115,55,17,18,17,B,3,4,1,1.066920,loose,1,6.094233,8.550253,52.107238,0,114.470640
aisle,DHGA,116,236,69,5,5,A,2,2,2,0.608400,loose,1,11.672586,8.112450,94.693272,1,116.404040
aisle,DHGA,117,233,69,5,5,A,2,3,1,0.710400,loose,1,11.672586,8.112450,94.693272,0,117.114440
aisle,DHGA,118,232,69,5,5,A,3,3,2,0.742200,loose,1,11.672586,8.112450,94.693272,0,117.856640
aisle,DHGA,119,227,67,5,4,B,1,2,1,0.558040,loose,1,9.865909,7.905959,77.999470,0,118.414680
aisle,DHGA,120,228,67,5,4,B,2,2,2,0.589840,loose,1,9.865909,7.905959,77.999470,0,119.004520
aisle,DHGA,121,141,42,5,5,A,3,3,1,0.731600,loose,1,9.865909,7.129604,70.340021,0,119.736120
aisle,DHGA,122,122,36,5,5,A,2,2,1,0.597800,loose,1,6.094233,9.439507,57.526557,0,120.333920
aisle,DHGA,123,78,22,15,15,A,2,1,2,0.681400,medium,2,9.865909,4.310064,42.522703,1,122.340320
aisle,DHGA,124,200,60,15,14,B,2,3,2,0.888040,loose,1,9.865909,8.641997,85.261149,0,123.228360
aisle,DHGA,125,202,60,15,14,B,3,3,1,0.898640,loose,1,9.865909,8.641997,85.261149,0,124.127000
aisle,DHGA,126,211,63,15,15,A,3,3,2,0.927800,loose,1,9.865909,8.220331,81.101036,0,125.054800
aisle,DHGA,127,284,86,15,15,A,3,2,2,0.815200,loose,1,9.865909,7.718536,76.150376,0,125.870000
aisle,DHGA,128,216,64,15,15,A,2,4,1,1.008600,loose,1,9.865909,6.883908,67.916012,0,126.878600
aisle,DHGA,129,123,36,15,14,B,2,2,2,0.775440,loose,1,6.094233,9.439507,57.526557,0,127.654040
aisle,DHGA,130,80,23,15,14,B,1,1,1,0.631040,loose,1,6.094233,9.397097,57.268101,0,128.285080
aisle,DHGA,131,208,62,15,14,B,1,3,2,0.866840,loose,1,6.094233,6.440355,39.249027,0,129.151920
aisle,DHGA,132,83,24,15,15,A,2,1,1,0.670800,loose,1,4.123914,6.605599,27.240923,0,129.822720
aisle,DHGA,133,166,50,15,14,B,3,2,1,0.786040,loose,1,2.093505,8.302686,17.381714,0,130.608760
aisle,DHGA,134,259,78,6,6,A,2,2,2,0.626960,loose,1,9.865909,8.759641,86.421820,1,132.560720
aisle,DHGA,135,69,20,6,5,B,1,2,1,0.576600,loose,1,9.865909,8.697700,85.810710,0,133.137320
aisle,DHGA,136,115,34,6,5,B,3,1,1,0.506400,loose,1,6.094233,8.789858,53.567448,0,133.643720
aisle,DHGA,137,188,57,6,5,B,2,3,1,0.710400,loose,1,6.094233,7.309567,44.546206,0,134.354120
aisle,DHGA,138,68,20,8,7,B,1,1,2,0.511720,loose,1,9.865909,8.697700,85.810710,1,136.190840
aisle,DHGA,139,143,42,8,7,B,3,3,2,0.779320,loose,1,9.865909,7.129604,70.340021,0,136.970160
aisle,DHGA,140,94,28,8,8,A,3,4,1,0.899880,urgent,5,6.094233,1.862284,11.349192,0,137.870040
aisle,DHGA,141,61,19,4,3,B,3,1,2,0.479880,loose,1,9.865909,8.319110,82.075582,1,139.674920
aisle,DHGA,142,11,4,4,3,B,3,1,1,0.469280,urgent,5,9.865909,1.478346,14.585231,0,140.144200
aisle,DHGA,143,6,3,4,4,A,2,4,2,0.815040,loose,1,2.093505,6.748726,14.128491,0,140.959240
aisle,DHGA,144,114,34,4,3,B,1,4,1,0.764680,loose,1,6.094233,8.789858,53.567448,0,141.723920
aisle,DHGA,145,62,19,2,1,B,1,2,1,0.502360,loose,1,9.865909,8.319110,82.075582,1,143.551280
aisle,DHGA,146,264,79,2,2,A,1,2,2,0.531520,loose,1,8.007323,9.361166,74.957879,0,144.082800
aisle,DHGA,147,60,19,3,2,B,2,2,2,0.552720,loose,1,9.865909,8.319110,82.075582,1,145.960520
aisle,DHGA,148,224,67,3,2,B,2,3,1,0.654720,loose,1,9.865909,7.905959,77.999470,0,146.615240
aisle,DHGA,149,266,79,3,3,A,3,1,2,0.479880,loose,1,8.007323,9.361166,74.957879,0,147.095120
aisle,DHGA,150,219,64,3,2,B,1,1,2,0.418920,loose,1,9.865909,6.883908,67.916012,0,147.514040
aisle,DHGA,151,274,83,3,2,B,1,4,1,0.746120,loose,1,6.094233,9.431478,57.477629,0,148.260160
aisle,DHGA,152,230,68,3,3,A,1,3,2,0.662680,loose,1,6.094233,7.976910,48.613150,0,148.922840
aisle,DHGA,153,161,47,3,3,A,2,4,1,0.785880,loose,1,2.093505,8.182384,17.129862,0,149.708720
aisle,DHGA,154,179,54,9,9,A,1,3,2,0.774040,medium,2,2.093505,3.922387,8.211536,1,151.807760
aisle,DHGA,155,15,5,9,8,B,2,1,2,0.551480,loose,1,8.007323,9.250194,74.069295,0,152.359240
aisle,DHGA,156,42,12,9,8,B,3,1,1,0.562080,loose,1,8.007323,9.185682,73.552724,0,152.921320
aisle,DHGA,157,144,42,9,9,A,3,3,2,0.816440,loose,1,9.865909,7.129604,70.340021,0,153.737760
aisle,DHGA,158,72,21,9,8,B,2,3,2,0.776680,loose,1,8.007323,7.194422,57.608059,0,154.514440
aisle,DHGA,159,40,12,11,11,A,2,1,1,0.596560,loose,1,8.007323,9.185682,73.552724,1,156.436000
aisle,DHGA,160,43,12,11,11,A,3,4,2,0.966160,loose,1,8.007323,9.185682,73.552724,0,157.402160
aisle,DHGA,161,71,21,11,10,B,2,2,2,0.701200,loose,1,8.007323,7.194422,57.608059,0,158.103360
aisle,DHGA,162,189,57,11,10,B,3,2,1,0.711800,loose,1,6.094233,7.309567,44.546206,0,158.815160
aisle,DHGA,163,271,82,7,6,B,3,1,2,0.535560,loose,1,6.094233,7.887403,48.067677,1,160.675720
aisle,DHGA,164,140,42,7,7,A,1,1,2,0.511720,loose,1,9.865909,7.129604,70.340021,0,161.187440
aisle,DHGA,165,142,42,7,6,B,3,2,2,0.648160,loose,1,9.865909,7.129604,70.340021,0,161.835600
aisle,DHGA,166,70,21,7,7,A,1,4,2,0.849520,loose,1,8.007323,7.194422,57.608059,0,162.685120
aisle,DHGA,167,275,83,7,7,A,3,3,1,0.768720,loose,1,6.094233,9.431478,57.477629,0,163.453840
aisle,DHGA,168,116,34,7,6,B,2,2,2,0.626960,loose,1,6.094233,8.789858,53.567448,0,164.080800
aisle,DHGA,169,45,14,17,17,A,3,4,1,1.066920,loose,1,2.093505,7.705379,16.131247,1,166.472720
aisle,DHGA,170,131,37,17,16,B,1,2,1,0.780760,medium,2,13.429826,3.338419,44.834391,0,167.253480
aisle,DHGA,171,165,49,17,16,B,1,3,2,0.903960,medium,2,6.094233,4.154172,25.316491,0,168.157440
aisle,DHGA,172,91,27,17,17,A,3,1,2,0.739720,medium,2,4.123914,4.334859,17.876587,0,168.897160
aisle,DHGA,173,173,52,7,6,B,1,2,2,0.605760,medium,2,13.429826,3.940697,52.922879,1,170.827920
aisle,DHGA,174,17,6,7,7,A,1,1,1,0.501120,medium,2,11.672586,3.444210,40.202842,0,171.329040
aisle,DHGA,175,31,9,7,6,B,3,3,1,0.750160,medium,2,6.094233,4.677235,28.504161,0,172.079200
aisle,DHGA,176,256,76,9,8,B,3,4,1,0.899880,urgent,5,4.123914,1.614156,6.656641,1,174.304080
aisle,DHGA,177,33,9,9,9,A,1,1,2,0.548840,medium,2,6.094233,4.677235,28.504161,0,174.852920
aisle,DHGA,178,176,52,9,8,B,1,2,1,0.632280,medium,2,13.429826,3.940697,52.922879,0,175.485200
aisle,DHGA,179,210,63,9,8,B,1,4,1,0.857480,loose,1,9.865909,8.220331,81.101036,0,176.342680
aisle,DHGA,180,172,52,4,4,A,3,4,2,0.836240,medium,2,13.429826,3.940697,52.922879,1,178.503920
aisle,DHGA,181,89,26,4,4,A,3,1,1,0.487840,medium,2,6.094233,3.810253,23.220573,0,178.991760
aisle,DHGA,182,277,84,4,3,B,2,3,1,0.673280,medium,2,8.007323,4.454265,35.666735,0,179.665040
aisle,DHGA,183,171,52,5,5,A,3,4,1,0.844200,medium,2,13.429826,3.940697,52.922879,1,181.834240
aisle,DHGA,184,19,6,5,4,B,1,3,2,0.681240,medium,2,11.672586,3.444210,40.202842,0,182.515480
aisle,DHGA,185,128,37,2,1,B,1,3,2,0.625560,medium,2,13.429826,3.338419,44.834391,1,184.466040
aisle,DHGA,186,134,40,2,1,B,2,4,2,0.759360,medium,2,8.007323,4.784543,38.311380,0,185.225400
aisle,DHGA,187,220,65,2,1,B,3,3,2,0.667960,medium,2,2.093505,3.331845,6.975233,0,185.893360
aisle,DHGA,188,125,37,18,17,B,3,1,2,0.739720,medium,2,13.429826,3.338419,44.834391,1,187.958080
aisle,DHGA,189,191,58,18,17,B,3,1,1,0.729120,loose,1,13.429826,9.166272,123.101435,0,188.687200
aisle,DHGA,190,127,37,18,17,B,2,3,2,0.943720,medium,2,13.429826,3.338419,44.834391,0,189.630920
aisle,DHGA,191,154,45,18,18,A,2,4,2,1.074880,medium,2,8.007323,3.873341,31.015096,0,190.705800
aisle,DHGA,192,221,66,18,18,A,3,4,2,1.096080,medium,2,6.094233,4.017275,24.482212,0,191.801880
aisle,DHGA,193,126,37,15,15,A,2,2,2,0.794000,medium,2,13.429826,3.338419,44.834391,1,193.920880
aisle,DHGA,194,147,44,15,15,A,2,3,2,0.906600,loose,1,9.865909,8.870398,87.514542,0,194.827480
aisle,DHGA,195,279,84,15,15,A,1,1,2,0.660200,medium,2,8.007323,4.454265,35.666735,0,195.487680
aisle,DHGA,196,84,25,15,14,B,3,4,2,1.021840,medium,2,6.094233,3.606049,21.976104,0,196.509520
aisle,DHGA,197,149,44,15,14,B,1,4,1,0.968840,loose,1,9.865909,8.870398,87.514542,0,197.478360
aisle,DHGA,198,18,6,6,6,A,3,2,2,0.648160,medium,2,11.672586,3.444210,40.202842,1,199.451520
aisle,DHGA,199,20,6,6,6,A,1,3,1,0.707760,medium,2,11.672586,3.444210,40.202842,0,200.159280
aisle,DHGA,200,16,6,6,6,A,2,3,1,0.728960,medium,2,11.672586,3.444210,40.202842,0,200.888240
aisle,DHGA,201,136,40,6,5,B,2,2,1,0.597800,medium,2,8.007323,4.784543,38.311380,0,201.486040
aisle,DHGA,202,137,40,6,5,B,2,4,1,0.823000,medium,2,8.007323,4.784543,38.311380,0,202.309040
aisle,DHGA,203,198,59,6,5,B,1,4,1,0.801800,medium,2,2.093505,4.211835,8.817498,0,203.110840
aisle,DHGA,204,139,41,6,6,A,1,1,1,0.482560,medium,2,4.123914,3.791673,15.636536,0,203.593400
aisle,DHGA,205,65,20,6,5,B,1,3,1,0.689200,loose,1,9.865909,8.697700,85.810710,0,204.282600
aisle,DHGA,206,135,40,3,2,B,3,2,2,0.573920,medium,2,8.007323,4.784543,38.311380,1,206.181520
aisle,DHGA,207,170,51,3,2,B,3,4,1,0.788520,medium,2,8.007323,3.625159,29.027818,0,206.970040
aisle,DHGA,208,276,84,19,18,B,1,2,2,0.828480,medium,2,8.007323,4.454265,35.666735,1,209.123520
aisle,DHGA,209,164,49,19,19,A,2,2,2,0.868240,medium,2,6.094233,4.154172,25.316491,0,209.991760
aisle,DHGA,210,90,27,19,19,A,3,1,1,0.766240,medium,2,4.123914,4.334859,17.876587,0,210.758000
aisle,DHGA,211,163,49,8,8,A,2,4,1,0.878680,medium,2,6.094233,4.154172,25.316491,1,212.961680
aisle,DHGA,212,105,31,8,7,B,3,1,2,0.554120,urgent,5,6.094233,1.623450,9.893681,0,213.515800
aisle,DHGA,213,190,57,16,16,A,3,2,1,0.823160,loose,1,6.094233,7.309567,44.546206,1,215.663960
aisle,DHGA,214,66,20,16,15,B,3,4,1,1.029800,loose,1,9.865909,8.697700,85.810710,0,216.693760
aisle,DHGA,215,269,81,16,15,B,2,2,1,0.783400,loose,1,2.093505,8.706044,18.226146,0,217.477160
aisle,DHGA,216,138,41,12,11,B,1,3,2,0.811160,medium,2,4.123914,3.791673,15.636536,1,219.613320
aisle,DHGA,217,74,22,12,11,B,2,1,1,0.596560,medium,2,9.865909,4.310064,42.522703,0,220.209880
aisle,DHGA,218,285,86,9,8,B,1,4,2,0.868080,loose,1,9.865909,7.718536,76.150376,1,222.402960
aisle,DHGA,219,50,15,9,9,A,1,4,1,0.876040,urgent,5,13.429826,1.817828,24.413110,0,223.279000
aisle,DHGA,220,110,33,9,8,B,2,2,1,0.653480,urgent,5,9.865909,1.860687,18.357366,0,223.932480
aisle,DHGA,221,38,11,9,9,A,3,2,1,0.693240,urgent,5,8.007323,1.543240,12.357220,0,224.625720
aisle,DHGA,222,37,11,9,8,B,2,4,1,0.878680,urgent,5,8.007323,1.543240,12.357220,0,225.504400
aisle,DHGA,223,52,15,6,5,B,1,2,2,0.587200,urgent,5,13.429826,1.817828,24.413110,1,227.416600
aisle,DHGA,224,47,15,6,5,B,3,3,1,0.731600,urgent,5,13.429826,1.817828,24.413110,0,228.148200
aisle,DHGA,225,100,30,6,6,A,3,3,2,0.760760,urgent,5,13.429826,1.729280,23.223928,0,228.908960
aisle,DHGA,226,183,55,6,6,A,2,3,2,0.739560,urgent,5,11.672586,1.603029,18.711499,0,229.648520
aisle,DHGA,227,39,11,6,6,A,3,4,1,0.862760,urgent,5,8.007323,1.543240,12.357220,0,230.511280
aisle,DHGA,228,49,15,7,7,A,2,2,1,0.634920,urgent,5,13.429826,1.817828,24.413110,1,232.471200
aisle,DHGA,229,57,18,7,7,A,3,2,2,0.666720,medium,2,6.094233,4.033220,24.579384,0,233.137920
aisle,DHGA,230,117,35,7,7,A,2,2,2,0.645520,urgent,5,9.865909,1.767416,17.437169,0,233.783440
aisle,DHGA,231,118,35,7,7,A,2,3,2,0.758120,urgent,5,9.865909,1.767416,17.437169,0,234.541560
aisle,DHGA,232,184,55,20,19,B,2,1,1,0.745040,urgent,5,11.672586,1.603029,18.711499,1,236.611600
aisle,DHGA,233,109,33,5,5,A,2,4,2,0.833600,urgent,5,9.865909,1.860687,18.357366,1,238.770200
aisle,DHGA,234,121,35,5,4,B,3,2,2,0.611040,urgent,5,9.865909,1.767416,17.437169,0,239.381240
aisle,DHGA,235,120,35,5,4,B,3,3,1,0.713040,urgent,5,9.865909,1.767416,17.437169,0,240.094280
aisle,DHGA,236,36,11,5,4,B,3,4,1,0.825640,urgent,5,8.007323,1.543240,12.357220,0,240.919920
aisle,DHGA,237,8,4,1,1,A,2,3,1,0.636160,urgent,5,9.865909,1.478346,14.585231,1,242.881080
aisle,DHGA,238,103,31,1,1,A,2,1,2,0.421560,urgent,5,6.094233,1.623450,9.893681,0,243.302640
aisle,DHGA,239,77,22,12,12,A,3,2,1,0.748920,medium,2,9.865909,4.310064,42.522703,1,245.376560
aisle,DHGA,240,9,4,12,11,B,2,2,1,0.709160,urgent,5,9.865909,1.478346,14.585231,0,246.085720
aisle,DHGA,241,206,61,12,12,A,2,4,1,0.952920,loose,1,6.094233,8.976882,54.707216,0,247.038640
aisle,DHGA,242,92,28,12,12,A,1,1,2,0.604520,urgent,5,6.094233,1.862284,11.349192,0,247.643160
aisle,DHGA,243,108,32,12,12,A,2,2,1,0.727720,urgent,5,6.094233,1.651622,10.065371,0,248.370880
aisle,DHGA,244,107,32,12,11,B,3,3,1,0.842960,urgent,5,6.094233,1.651622,10.065371,0,249.213840
aisle,DHGA,245,10,4,13,12,B,1,3,1,0.819120,urgent,5,9.865909,1.478346,14.585231,1,251.357960
aisle,DHGA,246,48,15,11,10,B,1,2,2,0.680000,urgent,5,13.429826,1.817828,24.413110,1,253.362960
aisle,DHGA,247,111,33,11,10,B,2,1,1,0.578000,urgent,5,9.865909,1.860687,18.357366,0,253.940960
aisle,DHGA,248,93,28,11,10,B,1,4,1,0.894600,urgent,5,6.094233,1.862284,11.349192,0,254.835560
aisle,DHGA,249,46,15,14,13,B,3,2,1,0.767480,urgent,5,13.429826,1.817828,24.413110,1,256.928040
aisle,DHGA,250,213,63,14,14,A,1,4,2,0.979440,loose,1,9.865909,8.220331,81.101036,0,257.907480
aisle,DHGA,251,75,22,14,14,A,2,2,1,0.764840,medium,2,9.865909,4.310064,42.522703,0,258.672320
aisle,DHGA,252,99,30,2,1,B,3,2,1,0.544760,urgent,5,13.429826,1.729280,23.223928,1,260.542080
aisle,DHGA,253,243,71,2,1,B,2,1,1,0.410960,urgent,5,11.672586,1.756245,20.499924,0,260.953040
aisle,DHGA,254,239,71,2,1,B,2,2,2,0.534160,urgent,5,11.672586,1.756245,20.499924,0,261.487200
aisle,DHGA,255,7,4,2,1,B,1,1,1,0.389760,urgent,5,9.865909,1.478346,14.585231,0,261.876960
aisle,DHGA,256,98,30,17,16,B,2,3,1,0.914560,urgent,5,13.429826,1.729280,23.223928,1,264.116520
aisle,DHGA,257,241,71,17,17,A,1,2,2,0.809920,urgent,5,11.672586,1.756245,20.499924,0,264.926440
aisle,DHGA,258,242,71,17,17,A,3,3,1,0.954320,urgent,5,11.672586,1.756245,20.499924,0,265.880760
aisle,DHGA,259,104,31,17,16,B,1,2,2,0.791360,urgent,5,6.094233,1.623450,9.893681,0,266.672120
aisle,DHGA,260,101,30,16,16,A,2,3,2,0.925160,urgent,5,13.429826,1.729280,23.223928,1,268.922280
aisle,DHGA,261,244,71,16,16,A,3,3,2,0.946360,urgent,5,11.672586,1.756245,20.499924,0,269.868640
aisle,DHGA,262,96,30,15,14,B,1,4,2,0.979440,urgent,5,13.429826,1.729280,23.223928,1,272.173080
aisle,DHGA,263,240,71,15,15,A,3,3,1,0.917200,urgent,5,11.672586,1.756245,20.499924,0,273.090280
aisle,DHGA,264,102,30,19,18,B,1,4,1,1.043080,urgent,5,13.429826,1.729280,23.223928,1,275.458360
aisle,DHGA,265,97,30,19,19,A,3,4,1,1.104040,urgent,5,13.429826,1.729280,23.223928,0,276.562400
aisle,DHGA,266,0,1,19,18,B,2,2,2,0.849680,urgent,5,4.123914,2.142178,8.834160,0,277.412080
aisle,DHGA,267,1,1,18,18,A,2,1,1,0.726480,urgent,5,4.123914,2.142178,8.834160,1,279.463560
aisle,DHGA,268,21,6,10,9,B,2,1,1,0.559440,medium,2,11.672586,3.444210,40.202842,1,281.348000
aisle,DHGA,269,34,10,10,10,A,1,3,2,0.792600,medium,2,4.123914,4.522618,18.650891,0,282.140600
aisle,DHGA,270,35,10,10,9,B,2,4,1,0.897240,medium,2,4.123914,4.522618,18.650891,0,283.037840
aisle,DHGA,271,51,15,10,9,B,1,3,1,0.763440,urgent,5,13.429826,1.817828,24.413110,0,283.801280
aisle,DHGA,272,106,32,10,10,A,3,4,1,0.937000,urgent,5,6.094233,1.651622,10.065371,0,284.738280
aisle,DHGA,273,112,33,10,9,B,3,3,2,0.816440,urgent,5,9.865909,1.860687,18.357366,0,285.554720
aisle,DHGA,274,113,33,10,9,B,1,2,2,0.661440,urgent,5,9.865909,1.860687,18.357366,0,286.216160
aisle,DHGA,275,254,75,10,9,B,1,3,2,0.774040,loose,1,4.123914,9.032957,37.251141,0,286.990200
aisle,DHGA,276,119,35,10,10,A,1,1,1,0.556800,urgent,5,9.865909,1.767416,17.437169,0,287.547000
aisle,DHGA,277,150,44,10,10,A,1,1,2,0.567400,loose,1,9.865909,8.870398,87.514542,0,288.114400
aisle,DHGA,278,153,45,10,9,B,2,3,2,0.795240,medium,2,8.007323,3.873341,31.015096,0,288.909640
aisle,DHGA,279,169,51,10,10,A,3,1,1,0.599200,medium,2,8.007323,3.625159,29.027818,0,289.508840
aisle,DHGA,280,174,52,10,10,A,3,2,1,0.711800,medium,2,13.429826,3.940697,52.922879,0,290.220640
aisle,DHGA,281,177,52,10,9,B,2,2,1,0.672040,medium,2,13.429826,3.940697,52.922879,0,290.892680
aisle,DHGA,282,205,61,10,10,A,1,2,1,0.669400,loose,1,6.094233,8.976882,54.707216,0,291.562080
aisle,DHGA,283,214,63,10,9,B,3,2,1,0.693240,loose,1,9.865909,8.220331,81.101036,0,292.255320
aisle,DHGA,284,248,73,10,10,A,3,1,2,0.609800,loose,1,2.093505,6.772130,14.177487,0,292.865120
aisle,DHGA,285,59,18,10,9,B,3,2,2,0.703840,medium,2,6.094233,4.033220,24.579384,0,293.568960
aisle,DHGA,286,286,86,14,14,A,1,1,2,0.641640,loose,1,9.865909,7.718536,76.150376,1,295.535600
aisle,DHGA,287,67,20,4,4,A,3,2,1,0.600440,loose,1,9.865909,8.697700,85.810710,1,297.461040
aisle,DHGA,288,58,18,7,6,B,1,3,2,0.718360,medium,2,6.094233,4.033220,24.579384,1,299.504400